,survey_ID,region,date_surveyed,surveyed_by,trip_number,bedding_strike,bedding_dip,slide_length_m,depth_mean_m,failure_loc,lithology_obsv,deposition_length,slump_blocks,slump_blocks_notes,arccuate_crack,arccuate_crack_length_m,roots_grass,roots_grass_max_depth,roots_shrub,roots_shrub_max_depth,roots_tree,roots_tree_max_depth,root_notes,piping_evidence,debris_flow,levees,levees_height,runout_notes,scour_max_scar,scour_max_runout,reach_channel,reach_rill,channel_order,deposit_notes,multiple_failures,multiple_failure_number,photos,notes,ID,x,y,area,perimeter,length,width,asp_ratio,depth_med,depth_max,volume_dif,unit,slope_med,curve_med,a_b_max,q_t_min,geometry,depth_from_vol
92,95,Rhonda's hill,7/22/2017,MDN EV,5,359,65,16.7,0.3,soil,sandstone,7.3,yes,partially attached within scar; grassy,yes,1.5,yes,0.25,no,,no,,mostly intact,,no,no,,long and narrow; widens downslope,0,0,no,,,muddy; angular rocks; bent grass; clayey,likely,possibly three,9155-9170,0.5 m of incision in scar; could have happened post-slide; small incised channel runs into crown; large cracks in soil; elevation 175 m,94,-122.365407,39.152706,59.19,43.53,19.67,6.29,3.13,0.2,0.78,50.4,2b,23.93,0,3024,-2.96,"POLYGON ((554822.5082 4333910.9374, 554823.1035000002 4333912.0288, 554825.0878999997 4333913.021, 554826.8076999998 4333915.0054, 554829.0236 4333916.096799999, 554830.7434 4333916.659, 554833.4885 4333916.791300001, 554835.3735999996 4333917.0559, 554837.1925999997 4333917.155099999, 554838.4494000003 4333916.559800001, 554841.2605999997 4333917.0559, 554841.3267999999 4333915.7991, 554841.1283 4333914.2447, 554838.1187000005 4333913.4509, 554835.5721000005 4333913.4178, 554832.9923999999 4333913.3517, 554831.0080000004 4333913.054, 554829.3213 4333912.0288, 554827.5352999996 4333911.7311, 554826.0800999999 4333911.5988, 554824.5917999996 4333910.8051, 554822.9711999996 4333910.3421, 554822.5082 4333910.9374))",0.425747592
93,96,Rhonda's hill,7/22/2017,MDN EV,5,359,65,4.7,0.37,soil,sandstone,4.2,yes,grassy; large within crown,no,,yes,0.35,no,,no,,many broken,,no,no,,long and narrow,0,0,no,,,muddy; bent grass,unlikely,,9171-9181,dense grass; diagonal flat crown; slightly deeper in center,95,-122.365719,39.152721,8.64,12.47,4.78,2.64,1.81,0.1,0.34,3.33,2b,29.06,0.001,133,-2.56,"POLYGON ((554802.7795000002 4333916.688100001, 554803.2028999999 4333917.090299999, 554804.4939999999 4333917.2596, 554805.3830000004 4333917.323100001, 554806.0815000003 4333917.1961, 554807.0129000004 4333916.5823, 554807.5844000001 4333916.2224, 554807.4573999997 4333915.4604, 554806.9069999997 4333914.5079, 554805.4041999998 4333914.6138, 554804.1553999996 4333915.2064, 554804.2188999997 4333916.0319, 554803.4145 4333916.264799999, 554802.7795000002 4333916.688100001))",0.192708333
94,97,Rhonda's hill,7/22/2017,MDN EV,5,359,65,11.5,0.35,soil,sandstone,7.9,yes,many small grassy,no,,yes,0.25,no,,no,,mostly intact,,no,no,,long and narrow,0,0,no,,,muddy; clayey,likely,likely two,9182-9191,two incut channels similar to 095 but less defined (cuts to weathered bedrock) depth 0.1,96,-122.365849,39.152627,47.58,28.47,10.72,6.26,1.71,0.33,0.48,51.43,2b,24.07,-0.001,2083,-2.9,"POLYGON ((554788.8677000003 4333905.1337, 554790.4023000002 4333906.006899999, 554791.7780999998 4333906.8006, 554792.5718999999 4333908.123500001, 554793.7625000002 4333908.9967, 554796.2495999997 4333908.943700001, 554797.5990000004 4333907.8325, 554799.7155999998 4333907.3298, 554799.8744000001 4333906.1656, 554797.9429000001 4333904.234099999, 554796.3289999999 4333903.625600001, 554794.2652000003 4333902.831800001, 554792.9951999998 4333901.4825, 554791.3019000003 4333901.9058, 554789.7938000001 4333903.6785, 554788.7619000003 4333904.630999999, 554788.8677000003 4333905.1337))",0.540458176
95,98,Rhonda's hill,7/22/2017,MDN EV,5,341,52,4.9,0.28,soil,sandstone,3.2,yes,several grassy,yes,1,yes,0.3,no,,no,,some intact,,no,both,0.1,long and narrow,0,0,no,,,muddy,unlikely,,9199-9209,dense grass; bedding plane visible within scar and Steep creeker than failure plane,97,-122.365787,39.152823,5.75,11.17,4.97,1.54,3.23,0.09,0.36,2.61,2b,22.95,0.005,421,-2.64,"POLYGON ((554796.9480999997 4333926.957900001, 554797.1227000002 4333927.4024, 554797.6624999996 4333927.751700001, 554798.6944000004 4333928.053300001, 554799.8055999996 4333927.9581, 554801.3295999998 4333927.8628, 554801.9011000004 4333927.5612, 554801.8376000002 4333926.846799999, 554800.3454 4333926.6404, 554799.1070999997 4333926.529300001, 554797.5355000002 4333926.719799999, 554796.9480999997 4333926.957900001))",0.226956522
96,99,Rhonda's hill,7/22/2017,MDN EV,5,345,58,3.5,0.27,soil-wb,sandstone,3.5,yes,small; grassy,yes,0.5,yes,0.3,no,,no,,mostly intact,,no,no,,deposit at toe,0,0,no,,,muddy,likely,possibly two,9210-9219,0.5 m sandstone boulders; toe is at edge of outcrop,99,-122.365761,39.152971,4.71,10.95,4.35,1.92,2.27,0.13,0.29,2.42,2b,30.17,0.004,278,-2.93,"POLYGON ((554800.1967000002 4333943.5888, 554800.0220999997 4333944.0889, 554800.2205999997 4333944.438100001, 554800.7127 4333944.4778, 554801.2286 4333944.311100001, 554801.9826999996 4333944.0492, 554802.6573999999 4333944.207900001, 554803.1097999997 4333944.446, 554803.8241999997 4333944.827, 554804.0384999998 4333944.6127, 554803.2844000002 4333943.8269, 554802.7368000001 4333943.207800001, 554802.0461999997 4333942.8982, 554800.6571000004 4333942.5648, 554800.0142000001 4333942.676000001, 554799.9665999999 4333943.001399999, 554800.3236999996 4333943.2872, 554800.1967000002 4333943.5888))",0.256900212
97,100,Rhonda's hill,7/22/2017,MDN EV,5,353,42,7.7,0.45,soil-wb,sandstone,6.2,yes,many small in scar,no,,yes,0.3,no,,no,,mostly intact,,no,no,,wide then narrows into channel,0,0,yes,,second,muddy; blocky,unlikely,,9220-9229,small incised channel in slide that likely happened post-failure; slide mostly in soil with small regions of exposed weathered bedrock,100,-122.365617,39.152235,28.68,21.04,6.91,5.59,1.24,0.27,0.45,27.41,2b,23.01,0.001,167,-2.79,"POLYGON ((554811.1210000003 4333861.693, 554811.6237000003 4333863.2805, 554812.0206000004 4333864.206599999, 554812.3909999998 4333865.079700001, 554813.7668000003 4333864.841600001, 554815.0104 4333864.629899999, 554815.1690999996 4333864.021400001, 554816.4919999996 4333863.597999999, 554817.6826999998 4333863.5187, 554818.4234999996 4333863.1482, 554818.4764 4333862.195699999, 554818.0001999997 4333860.952199999, 554816.8095000004 4333859.8939, 554815.3542999998 4333859.761600001, 554813.7138999999 4333859.6822, 554812.9200999998 4333859.4176, 554811.8882999998 4333860.581800001, 554811.1210000003 4333861.693))",0.477859135
98,101,Rhonda's hill,7/22/2017,MDN EV,5,343,42,5.2,0.3,soil-wb,sandstone,4.1,yes,medium-sized within scar,no,,yes,0.35,no,,no,,mostly intact,,no,no,,narrow to channel,0.05,0,yes,,second,muddy; blocky,unlikely,,9230-9239,narrow crown; lots of dead plant material in scar; many fist-sized sandstone clasts,101,-122.365988,39.152069,9.68,13.63,5.23,3.31,1.58,0.17,0.31,5.22,2b,26.26,-0.013,1051,-3.62,"POLYGON ((554779.7860000003 4333843.3408, 554780.5796999997 4333843.7642, 554781.6248000003 4333843.9758, 554782.3788999999 4333844.465299999, 554783.1990999999 4333844.743100001, 554784.4426999995 4333845.1929, 554785.0511999996 4333845.126800001, 554785.0115 4333844.438899999, 554784.2573999995 4333843.526000001, 554783.8208999997 4333842.3222, 554782.9212999996 4333841.647500001, 554781.3602999998 4333842.004699999, 554780.5532999998 4333842.877800001, 554779.7860000003 4333843.3408))",0.269628099
99,102,Rhonda's hill,7/22/2017,MDN EV,5,343,42,15.4,0.45,soil-wb,sandstone,8.2,yes,many,no,,yes,0.2,no,,no,,mostly intact,,no,both,0.1,two branches; one narrow one wide,0.05,0,yes,,second,muddy; blocky; angular rocks,likely,likely three,9240-9248,diagonal crown; two defined toes; incised channel 0.35 m deep; whole slide star-shaped,102,-122.365963,39.15199,59.09,43.79,15.6,7.05,2.21,0.3,0.64,65.48,2b,23.68,-0.01,1241,-3.86,"POLYGON ((554780.2817000002 4333827.6917, 554779.9166000001 4333828.406099999, 554780.0595000004 4333829.1998, 554780.8055999996 4333830.072899999, 554781.5040999996 4333831.4858, 554781.7899000002 4333832.6764, 554781.1072000004 4333833.7083, 554780.0911999997 4333833.9464, 554780.3294000002 4333834.6767, 554781.4724000003 4333834.756100001, 554782.6629999997 4333835.486300001, 554783.1392000001 4333837.2643, 554783.9806000004 4333838.137499999, 554785.5045999996 4333839.407500001, 554786.3618999999 4333840.3917, 554787.6478000004 4333841.2172, 554788.9813000001 4333841.6458, 554788.9971000003 4333839.375700001, 554788.7907999996 4333838.4867, 554787.5684000002 4333837.502499999, 554786.8064000001 4333835.9626, 554787.7429999998 4333835.3434, 554789.6162999999 4333835.613299999, 554789.9019999998 4333834.1687, 554787.7905999999 4333832.8828, 554785.9808999998 4333831.342900001, 554784.568 4333831.041300001, 554782.9486999996 4333830.3587, 554782.1074000001 4333828.6601, 554781.6469999999 4333827.6599, 554780.2817000002 4333827.6917))",0.554070063
100,103,Rhonda's hill,7/22/2017,MDN EV,5,343,42,11.6,0.5,soil-wb,sandstone,7.3,yes,3 m block likely slumped to toe,no,,yes,0.35,no,,no,,mostly intact,,no,both,0.15,widens downslope,0.1,0,yes,,second,muddy; blocky; bent grass,likely,likely three,9249-9261,horseshoe-shaped; unmoved material in center; possible rill development in scar post-failure; difficult to interpret sequence of events; angular rocks in soil matrix,103,-122.365895,39.151876,110.65,66.65,14.79,13.94,1.06,0.27,0.58,90.66,2b,21.36,-0.003,505,-2.91,"POLYGON ((554784.9859999996 4333817.812100001, 554784.4304 4333819.5055, 554785.3035000004 4333823.103800001, 554785.7004000004 4333825.061699999, 554787.6583000002 4333827.098999999, 554789.7220999999 4333828.713, 554791.8123000003 4333830.3269, 554793.4527000003 4333831.411699999, 554794.7492000004 4333830.0624, 554795.3576999996 4333828.6336, 554795.9134 4333827.0726, 554792.7119000005 4333825.696699999, 554790.4628999997 4333824.7707, 554788.0288000004 4333822.310000001, 554788.1080999998 4333820.3257, 554790.3042000001 4333819.161499999, 554793.7966999998 4333821.463400001, 554795.7545999996 4333822.998, 554796.9716999996 4333823.7653, 554798.2945999997 4333820.1405, 554798.7708999999 4333819.029200001, 554797.1834000004 4333817.283, 554794.9609000003 4333818.1296, 554792.5795999998 4333816.780200001, 554790.8863000004 4333815.8277, 554789.0341999996 4333814.5842, 554787.2878999999 4333815.1927, 554785.8591999998 4333816.515699999, 554784.9859999996 4333817.812100001))",0.409670131
101,104,Rhonda's hill,7/22/2017,MDN EV,5,343,42,16.6,0.37,soil-wb,sandstone,13.4,yes,,yes,2.5,yes,0.3,yes,0.3,no,,some broken,,no,no,,equal width of slide,0.1,0,yes,,second,muddy,likely,likely two; possibly three,9264-9271,long aspect ratio; directly below 105,104,-122.366343,39.152108,65.51,37.55,15.78,5.25,3.01,0.2,0.62,54.53,2b,21.59,-0.004,803,-3.09,"POLYGON ((554745.1127000004 4333847.668299999, 554744.6047 4333848.726600001, 554744.4776999997 4333849.890799999, 554746.7849000003 4333850.0813, 554748.0548999999 4333850.229499999, 554750.4678999996 4333850.039000001, 554752.7538999999 4333849.8061, 554754.6376999998 4333849.658, 554757.7703999998 4333849.15, 554759.9718000004 4333848.917099999, 554760.3528000005 4333847.4778, 554758.5113000004 4333845.34, 554755.4844000004 4333845.234099999, 554751.7379000001 4333845.297599999, 554748.0126 4333845.297599999, 554745.9381999997 4333845.1283, 554745.2609000001 4333846.3771, 554745.1127000004 4333847.668299999))",0.416196001
102,105,Rhonda's hill,7/22/2017,MDN EV,5,343,42,15.2,0.52,soil-wb,sandstone,11.8,yes,small; grassy,yes,1.5,yes,0.3,no,,no,,mostly intact,,no,both,0.25,long; within 104 scar,0.1,0.2,yes,,second,muddy; bent grass,likely,likely two; possibly three,9272-9281,directly above 104; below 106; runout could have contributed to scour in 104 scar,105,-122.366506,39.152117,62.62,35.67,15.31,5.2,2.94,0.21,0.55,46.4,2b,21.06,0.002,988,-2.89,"POLYGON ((554730.3278000001 4333848.906500001, 554730.4270000001 4333849.9649, 554733.2050999999 4333851.056299999, 554735.2226 4333851.486199999, 554737.6369000003 4333851.254699999, 554743.1270000003 4333849.7664, 554744.0861 4333849.667199999, 554744.5160999997 4333847.815099999, 554744.8799000001 4333846.426100001, 554745.2105999999 4333845.367699999, 554742.5647999998 4333845.235400001, 554739.3567000004 4333845.7315, 554735.8509999998 4333846.7568, 554732.5437000003 4333847.021400001, 554730.9891999997 4333847.5175, 554730.3278000001 4333848.906500001))",0.370488662
103,106,Rhonda's hill,7/22/2017,MDN EV,5,352,47,6.2,0.32,soil-wb,sandstone,5.2,yes,at crown,yes,1.5,yes,0.3,no,,no,,mostly intact,,no,both,0.05,left tapers downslope; right runs into 105,0,0,no,,,muddy,likely,possibly two,9282-9290,right side runs into 102; small horseshoe-shaped (third or fourth see so far with two distinct branches),106,-122.366603,39.15217,15.13,20.19,4.92,6.08,0.81,0.29,0.52,17.48,2b,23.13,0.006,908,-2.95,"POLYGON ((554726.3258999996 4333854.4628, 554726.9212999996 4333854.958900001, 554729.1701999996 4333855.388900001, 554730.1955000004 4333856.182600001, 554732.6097999997 4333856.347999999, 554733.0398000004 4333855.4219, 554732.7089999998 4333854.6282, 554729.6002000002 4333854.132099999, 554729.4017000003 4333853.2391, 554730.1293000001 4333851.7839, 554729.6332 4333850.9571, 554728.2441999996 4333852.0485, 554727.1858000001 4333853.0737, 554726.3258999996 4333854.4628))",0.577660278
104,107,Rhonda's hill,7/22/2017,MDN EV,5,343,40,3.7,0.27,soil-wb,sandstone,3.7,yes,most of scar covered by blocks,no,,yes,0.25,no,,no,,intact,,no,right,0.05,very long and narrow,0,0,no,,,bent grass,unlikely,,9291-9298,possibly runs into tiny rill; but grass obscures topography,107,-122.366491,39.152287,3.4,8.73,3.43,1.79,1.92,0.25,0.41,3.4,2b,24.56,0.002,1099,-2.82,"POLYGON ((554737.6721999999 4333867.439300001, 554737.6616000002 4333867.873199999, 554738.4024 4333868.032, 554738.9104000004 4333868.286, 554739.4819 4333867.682700001, 554740.318 4333867.5875, 554741.1328999996 4333867.661599999, 554740.9954000004 4333867.2171, 554740.2651000004 4333866.8467, 554738.8998999996 4333866.762, 554738.1379000004 4333866.635, 554737.6403999999 4333866.9948, 554737.6721999999 4333867.439300001))",0.5
105,108,Rhonda's hill,7/22/2017,MDN EV,5,338,40,6.5,0.35,soil-wb,sandstone,3.9,yes,collected at toe,no,,yes,0.25,no,,no,,mostly intact,,no,left,0.2,wide; narrows downslope,0,0,no,,,muddy; blocky; angular rocks,unlikely,,9299-9311,less star thistle than other slides on hill; clearly defined scar and failure plane; 1.5 m pile of sediment accumulated at toe,108,-122.36654,39.152524,18.7,17.34,5.9,4.96,1.19,0.14,0.54,12.08,2b,29.24,0.002,503,-2.81,"POLYGON ((554731.4963999996 4333893.3818, 554731.6392000001 4333894.191400001, 554732.6869999999 4333894.651799999, 554733.9886999996 4333895.080399999, 554735.1952 4333895.5725, 554736.1319000004 4333896.2075, 554736.8938999996 4333896.477399999, 554737.0685000001 4333895.921800001, 554737.0208999999 4333895.001, 554737.1002000002 4333893.6675, 554737.2748999996 4333893.032500001, 554736.4335000003 4333892.08, 554735.1793999998 4333891.191, 554732.8457000004 4333892.000600001, 554732.0044 4333892.5404, 554731.4963999996 4333893.3818))",0.322994652
106,109,Rhonda's hill,7/22/2017,MDN EV,5,358,54,8.3,0.47,soil-wb,sandstone,4.3,yes,very grassy around crown,no,,yes,0.4,no,,no,,mostly intact,,no,no,,narrow; widens downslope,0.05,0,yes,,second,muddy,unlikely,,9312-9319,0.2 m incision within scar; soil crumbles easily; small clumps; long aspect ratio,109,-122.366293,39.151929,12.43,18.64,8.4,2.39,3.51,0.3,0.62,15.06,2b,23.52,-0.003,1709,-3.24,"POLYGON ((554753.4541999996 4333824.9233, 554753.3589000003 4333825.5372, 554753.6129000001 4333826.2039, 554754.0574000003 4333826.913000001, 554754.449 4333827.5374, 554755.5497000003 4333828.077199999, 554756.5867999997 4333828.595799999, 554757.9837999996 4333829.8869, 554758.3965999996 4333830.469000001, 554759.0950999996 4333830.7654, 554759.7407 4333830.5219, 554760.0369999995 4333830.1833, 554759.7089 4333829.410700001, 554757.6134000001 4333827.7914, 554755.3909 4333825.7171, 554754.7136000004 4333824.997400001, 554753.9727999996 4333824.7752, 554753.4541999996 4333824.9233))",0.605792438
107,110,Rhonda's hill,7/22/2017,MDN EV,5,359,43,8.3,0.52,soil-wb,sandstone,5,yes,few near crown,no,,yes,0.3,no,,no,,mostly intact,,no,no,,very narrow,0.1,0,no,,,muddy,likely,likely two,9320-9329,defined failure plane; flat; heart-shaped,110,-122.366313,39.151744,22.89,25.98,7.74,4.95,1.56,0.31,0.67,22.29,2b,24.22,0.006,508,-3.07,"POLYGON ((554750.9045000002 4333808.4036, 554751.3013000004 4333808.7476, 554753.1666999999 4333808.8137, 554754.1853 4333808.7873, 554755.1377999997 4333809.276699999, 554756.1697000004 4333809.329700001, 554757.9292000001 4333809.409, 554757.2148000002 4333808.9592, 554755.9977000002 4333808.1787, 554757.1222000001 4333807.874399999, 554758.4583000001 4333807.834799999, 554759.0800999999 4333807.3982, 554758.9742999999 4333806.578, 554758.2202000003 4333805.850400001, 554755.9183 4333805.7578, 554754.0398000004 4333805.48, 554752.9682 4333804.051200001, 554752.3464000002 4333804.395199999, 554752.2406000001 4333805.9033, 554752.3332000002 4333806.842599999, 554751.6188000003 4333807.477600001, 554750.9045000002 4333808.4036))",0.48689384
108,111,Rhonda's hill,7/22/2017,MDN EV,5,358,61,4.7,0.27,soil-wb,sandstone,2.1,yes,two in scar,yes,1,yes,0.4,no,,no,,mostly intact,,no,no,,narrow; runs out of left side,0.05,0,no,,,muddy; blocky,likely,possibly two,9330-9337,crumbly soil; heart-shaped,111,-122.366322,39.151581,13.63,15.56,4.94,3.91,1.26,0.32,0.57,17.6,2b,27.09,0.003,232,-2.83,"POLYGON ((554752.3174999999 4333788.312000001, 554752.0794000002 4333789.555600001, 554752.7673000004 4333790.084799999, 554753.4817000004 4333790.547800001, 554754.3415999999 4333791.0902, 554755.3205000004 4333791.725199999, 554755.9291000003 4333791.6987, 554756.2334000003 4333791.103399999, 554755.7703 4333790.322899999, 554755.5190000003 4333789.145500001, 554756.3392000003 4333788.6031, 554756.5509000001 4333788.126800001, 554755.1221000003 4333787.438899999, 554753.7858999996 4333786.7245, 554752.5027000001 4333787.3728, 554752.3174999999 4333788.312000001))",0.645634629
109,112,Rhonda's hill,7/22/2017,MDN EV,5,333,52,2.9,0.32,soil-wb,sandstone,2.9,yes,many near crown,yes,3,yes,0.35,no,,no,,mostly intact,,no,no,,long and narrow,0,0,no,,,muddy; blocky,unlikely,,9338-9348,sparse grass below scar; left edge and crown of scar not well-defined; possibly old landslide scar in runout,112,-122.366374,39.151432,5.1,8.52,3,2.35,1.28,0.13,0.31,2.47,2b,34.16,0.002,151,-2.84,"POLYGON ((554748.7313000001 4333771.7434, 554748.4773000004 4333772.3149, 554748.4058999997 4333772.934, 554748.7789000003 4333773.3785, 554749.5250000004 4333773.4976, 554750.3108999999 4333773.6722, 554750.8426999999 4333773.616599999, 554751.1919 4333773.2039, 554751.2872000001 4333772.624399999, 554751.3189000003 4333771.894200001, 554750.3585000001 4333771.6719, 554749.5011999998 4333771.394099999, 554748.7313000001 4333771.7434))",0.242156863
110,113,Rhonda's hill,7/22/2017,MDN EV,5,359,65,1.7,0.2,soil-wb,sandstone,1.7,no,,no,,yes,0.25,no,,no,,mostly intact,,no,both,0.1,wide; narrows downslope,0,0,no,,,muddy,unlikely,,9192-9198,partially attached material around edges,98,-122.365796,39.15287,2.23,5.73,1.81,1.59,1.14,0.17,0.23,1.33,2b,26.53,0.006,135,-2.61,"POLYGON ((554797.8641999997 4333932.223999999, 554797.7451999998 4333932.7664, 554798.2214000002 4333933.070699999, 554798.9886999996 4333933.2162, 554799.4385000002 4333933.3221, 554799.5443000002 4333932.700300001, 554799.5179000003 4333932.1579, 554798.4992000004 4333931.496400001, 554798.142 4333931.7742, 554797.8641999997 4333932.223999999))",0.298206278
111,114,Rhonda's hill,7/23/2017,MDN EV,5,354,65,6.2,0.5,soil-wb,sandstone,5.3,yes,many grassy in slide,yes,0.4,yes,0.35,no,,no,,mostly intact,,no,right,0.15,jellyfish,0.1,0,no,,,muddy; bent grass,unlikely,,9349-9361,elevation 262 m; 1.0 m rounded sandstone boulder exposed in scar; perpendicular to shadow bed; left side conposed of partically attched blocks,113,-122.367242,39.152152,10.94,14.8,6.35,2.24,2.83,0.22,0.57,10.01,2a,21.64,-0.001,865,-2.88,"POLYGON ((554671.4215000002 4333851.4001, 554671.4374000002 4333851.812899999, 554671.4929 4333852.551000001, 554672.0405999999 4333852.8606, 554673.0487000002 4333852.908199999, 554674.2949000001 4333852.781199999, 554675.0410000002 4333852.8289, 554675.8585000001 4333852.908199999, 554676.9380999999 4333852.939999999, 554677.6920999996 4333852.559, 554677.3667000001 4333851.9319, 554676.9539000001 4333851.3287, 554675.4139999999 4333851.1064, 554674.0964000002 4333850.7969, 554672.5088999998 4333850.757200001, 554671.7707000002 4333850.955600001, 554671.4215000002 4333851.4001))",0.45749543
112,115,Rhonda's hill,7/23/2017,MDN EV,5,348,42,2.7,0.22,soil-wb,sandstone,2.7,yes,a few,no,,yes,0.25,no,,no,,mostly intact,,no,no,,all material deposited directly at toe,0,0,no,,,muddy; blocky; bent grass,unlikely,,9362-9373,outcrop at toe; slide exposed many flat rocks parallel to failure plane,114,-122.367226,39.152265,2.79,6.88,2.66,1.72,1.55,0.22,0.37,2.42,2a,34.68,-0.005,147,-2.75,"POLYGON ((554674.1634 4333864.115499999, 554674.2745000003 4333864.3377, 554674.8936000001 4333864.7981, 554675.4491999997 4333864.967399999, 554675.8037999999 4333865.068, 554676.4387999997 4333865.3379, 554676.7297999999 4333865.195, 554676.7562999995 4333864.866900001, 554676.8461999996 4333864.417099999, 554676.534 4333864.0573, 554675.7138 4333863.861500001, 554675.2533999998 4333863.6392, 554674.4808999998 4333863.7239, 554674.1634 4333864.115499999))",0.433691756
113,116,Rhonda's hill,7/23/2017,MDN EV,5,347,61,6,0.47,soil-wb,sandstone,4.5,yes,collected at toe; small,yes,1,yes,0.35,no,,no,,mostly intact,,no,no,,wide then tapers downslop,0.05,0,no,,,angular rocks,likely,likely two,9374-9385,shadow bed outcrop at toe; asymmetrical; right side of failure plane flat; similar to serveral other slides in region,115,-122.367905,39.152148,9.56,13.6,5.3,2.58,2.05,0.21,0.41,7.28,2a,27.91,0.02,432,-2.57,"POLYGON ((554613.8210000005 4333851.046399999, 554613.9665999999 4333851.3771, 554615.2895 4333851.919500001, 554616.3609999996 4333852.316400001, 554617.1019000001 4333852.409, 554618.5570999999 4333851.9724, 554619.3244000003 4333851.4168, 554619.3640999999 4333850.8347, 554619.0466 4333850.040899999, 554618.3322000001 4333849.313300001, 554617.0356999999 4333849.9219, 554616.2287999997 4333850.5966, 554615.1306999996 4333850.689200001, 554614.2311000004 4333850.7553, 554613.8210000005 4333851.046399999))",0.380753138
114,117,Rhonda's hill,7/23/2017,MDN EV,5,332,53,9.3,0.58,soil-wb,sandstone,7.2,yes,many around perimeter,yes,1,yes,0.45,no,,no,,many intact,,no,both,0.25,wide then tapers downslop,0.1,0,no,,,muddy; blocky; bent grass,likely,possibly two,9386-9399,lots of star thistle; shadow bedding at toe,116,-122.36648,39.149578,23.41,21.65,8.29,5.48,1.51,0.33,0.7,29.09,2a,21.54,0,454,-2.88,"POLYGON ((554737.6710000001 4333567.295399999, 554738.2795000002 4333567.956800001, 554739.4172 4333568.0098, 554740.1845000004 4333568.538899999, 554741.2958000004 4333568.327299999, 554742.5393000003 4333567.9833, 554744.4708000002 4333568.0362, 554745.8731000004 4333568.538899999, 554746.5609999998 4333568.6183, 554746.6139000002 4333567.745200001, 554746.0582999997 4333566.8456, 554745.3704000004 4333565.8402, 554743.4918 4333565.1523, 554741.9308000002 4333564.8347, 554740.4755999995 4333564.5966, 554738.8616000004 4333565.8137, 554737.6710000001 4333567.295399999))",0.621315677
115,118,Rhonda's hill,7/23/2017,MDN EV,5,349,48,11.2,0.63,soil-wb,sandstone,7.7,yes,many; mostly on right side and near crown,yes,1,yes,0.4,no,,no,,mostly intact,,no,left,0.25,same width as slide,0.25,0,no,,,muddy; blocky,likely,possibly two,9400-9414,large blocks in deposit; uneven failure plane; three incised channels in scar,117,-122.365572,39.150386,44.98,26.9,9.98,6.46,1.54,0.35,0.79,53.95,2b,23.73,-0.001,886,-2.93,"POLYGON ((554814.6446000002 4333655.783500001, 554814.7927999999 4333656.5878, 554816.1262999997 4333657.4345, 554816.7613000004 4333658.6833, 554817.6079000002 4333659.762800001, 554819.1319000004 4333659.678099999, 554820.8252999997 4333659.826300001, 554822.1799999997 4333659.678099999, 554823.5981000001 4333659.254799999, 554825.0798000004 4333658.4081, 554825.3761 4333657.4133, 554824.1485000001 4333655.8893, 554822.3915999997 4333655.085000001, 554821.5449999999 4333654.0055, 554820.1267999997 4333653.539799999, 554817.7560999999 4333654.577, 554816.2955999998 4333654.598099999, 554815.3642999995 4333654.9156, 554814.6446000002 4333655.783500001))",0.599710983
116,119,Rhonda's hill,7/23/2017,MDN EV,5,347,49,7,0.48,soil-wb,sandstone,5,yes,around crown and right side,yes,3.5,yes,0.3,no,,no,,mostly intact,,no,no,,slump deposited at toe,0,0,no,,,block,unlikely,,9415-9427,lots of star thistle,118,-122.365298,39.150488,27.78,20.24,6.92,5.31,1.3,0.16,0.56,17.05,2b,25.72,0.004,69,-2.88,"POLYGON ((554840.0062999995 4333668.1051, 554840.2180000003 4333669.1635, 554841.4085999997 4333670.1689, 554842.9961000001 4333670.5922, 554844.8481999999 4333670.698100001, 554847.1501000002 4333670.698100001, 554846.9912999999 4333669.7456, 554846.9648000002 4333668.9783, 554846.4357000003 4333666.8616, 554844.5307 4333666.1208, 554842.5462999996 4333665.7239, 554840.7471000003 4333666.3324, 554840.0062999995 4333668.1051))",0.30687545
154,169,Rhonda's hill,11/4/2017,MDN ON,8,,,6.2,0.25,soil,sandstone,4.2,yes,many smaller in scar,no,,yes,0.3,no,,no,,mostly intact,,no,left,0.2,jellyfish; depositional,0,0,no,,,muddy,unlikely,,9914-9920,relatively thick soil with fist-sized sandstone clasts; 1 m crack perpendicular to center of crown; cracked soil,158,-122.366883,39.147362,19.29,17.94,6.98,3.83,1.82,0.16,0.47,12.63,2b,22.55,-0.036,189,-2.38,"POLYGON ((554709.7372000003 4333322.411599999, 554711.0707 4333321.0781, 554711.8114999998 4333320.0833, 554711.6421999997 4333319.2366, 554711.1342000002 4333318.2629, 554710.4568999996 4333317.5644, 554709.6737000002 4333317.5009, 554709.1021999996 4333317.8608, 554708.8269999996 4333318.580399999, 554708.2344000004 4333319.1096, 554707.6205000002 4333319.427100001, 554707.176 4333319.829299999, 554707.1337000001 4333320.316099999, 554707.1124999998 4333320.6336, 554706.9431999996 4333321.3533, 554706.4987000003 4333321.8401, 554706.2235000003 4333322.136499999, 554705.9060000004 4333322.5175, 554705.8848000001 4333322.8561, 554706.2235000003 4333323.0678, 554706.8162000002 4333323.2371, 554707.7899000002 4333323.1313, 554708.4671999998 4333323.046599999, 554709.2504000003 4333322.7926, 554709.7372000003 4333322.411599999))",0.327371695
155,170,Rhonda's hill,11/4/2017,MDN ON,8,349,40,12.3,0.47,soil,interbedded sandstone and shale,6,yes,massive slump of material,yes,1.5,yes,0.4,no,,no,,mostly intact,,no,both,0.2,jellyfish and slump,0,0,yes,,second,muddy; blocky,unlikely,,9921-9929,heavily cracked soil; 1 m sandstone boulders in slump; material that traveled downslope deposited in relatively thin; wide; uniform; layer; scoured rill in center exposing shale pieces that likely happened post-slide,159,-122.366734,39.147762,38.83,32.38,13.66,4.37,3.13,0.19,0.68,24.44,2a,21.52,-0.007,428,-2.67,"POLYGON ((554722.2977 4333371.285700001, 554722.8268999998 4333370.587200001, 554723.2290000003 4333369.7194, 554723.9698999999 4333367.9837, 554723.9698999999 4333366.544399999, 554723.7159000002 4333364.4912, 554722.4458999997 4333361.062200001, 554721.8108999999 4333359.792199999, 554720.7525000004 4333358.268200001, 554718.784 4333359.178400001, 554718.8263999997 4333359.771, 554719.2073999997 4333360.617699999, 554719.5883999998 4333361.549000001, 554719.3344000001 4333362.437999999, 554719.6306999996 4333363.3694, 554720.3503999999 4333364.596999999, 554721.0065000001 4333365.972899999, 554721.324 4333367.3487, 554721.0700000003 4333368.131899999, 554720.5832000002 4333368.703400001, 554720.2233999996 4333369.274900001, 554720.4139 4333370.015699999, 554720.6255000001 4333370.714199999, 554720.3291999996 4333371.5821, 554720.3926999997 4333371.984200001, 554720.943 4333372.047700001, 554721.7685000002 4333371.8784, 554722.2977 4333371.285700001))",0.314705125
156,171,Rhonda's hill,11/4/2017,MDN ON,8,117,35,6.2,0.63,soil-wb,interbedded sandstone and shale,6.2,no,,no,,yes,0.4,no,,yes,0.8,many exposed; 0.75 cm broken tree root,,no,left,0.2,jellyfish; piled around tree,0.45,0,no,,,muddy; angular rocks,likely,possibly three,9930-9938,region of deep incision in center exposing opposite-dipping sandstone and shale; dead tree lateral to center of crown appears to have limited extent of scar; center rill likely scoured by overland flow erosion; velocity rise primarily due to one boulder,160,-122.367521,39.149264,12.81,15.72,6.36,3.28,1.94,0.22,1,14.04,2b,40.61,0.011,526,-2.81,"POLYGON ((554654.9901999999 4333532.516100001, 554654.9637000002 4333530.637499999, 554654.0641999999 4333530.425899999, 554653.2703999998 4333530.028999999, 554652.3707999997 4333529.5792, 554651.6035000002 4333529.7379, 554650.7833000002 4333530.081900001, 554650.0425000004 4333530.214199999, 554649.1694 4333530.1348, 554648.8254000004 4333530.452299999, 554648.9047999997 4333530.7698, 554649.3546000002 4333530.822699999, 554649.7249999996 4333531.246099999, 554650.4393999996 4333531.5107, 554651.0478999997 4333531.7752, 554651.2596000005 4333532.225, 554652.1856000004 4333532.8071, 554652.9000000004 4333533.0188, 554653.9847999997 4333532.727700001, 554654.9901999999 4333532.516100001))",0.548009368
157,172,Rhonda's hill,11/4/2017,MDN ON,8,345,44,5.1,0.42,soil-wb,sandstone,5.1,yes,large slump on right side in scar,yes,,yes,0.4,no,,yes,0.5,some broken,,no,both,0.25,jellyfish depositional,0,0,no,,,muddy,likely,possibly two,9939-9945,cracked soil nearby; failure plane along dip of bed near crown; many exposed thin tree roots,161,-122.368217,39.149625,18.83,18.32,5.69,5.14,1.11,0.27,0.51,15.18,2b,31.64,-0.005,321,-2.39,"POLYGON ((554594.4049000004 4333572.8905, 554594.7224000003 4333569.7948, 554593.8756999997 4333569.503799999, 554592.8306 4333569.1863, 554591.7855000002 4333568.8159, 554590.6213999996 4333568.6042, 554589.9731000001 4333568.3529, 554589.3909999998 4333569.3715, 554589.4307000004 4333570.099099999, 554589.5366000002 4333570.8003, 554590.1185999997 4333571.183900001, 554590.3568000002 4333571.8189, 554590.4494000003 4333572.2952, 554590.3302999996 4333573.009500001, 554590.4362000003 4333573.750399999, 554590.8065999998 4333573.419600001, 554591.2430999996 4333573.0492, 554591.5871000001 4333572.8508, 554592.1162999999 4333572.9037, 554592.8042000001 4333572.969799999, 554593.6772999996 4333572.969799999, 554594.4049000004 4333572.8905))",0.403080191
158,173,Rhonda's hill,11/4/2017,MDN ON,8,353,52,8.2,0.45,soil,sandstone,5.9,yes,several small; defined; in scar,no,,yes,0.4,no,,yes,,broken 1.5 cm tree root,,no,no,,massive slump deposited at toe,0,0,no,,,muddy,unlikely,,9946-9953,break in slope at toe that may have caused deposition; likely less water during failure because material moved as a cohesive unit,162,-122.368406,39.149697,21.37,18.77,6.88,4.14,1.66,0.39,0.7,29.53,2b,30.47,0.005,77,-2.28,"POLYGON ((554578.3574999999 4333580.9715, 554578.7226 4333579.9079, 554578.6431999998 4333578.2728, 554578.3097999999 4333577.240900001, 554577.3732000003 4333577.367900001, 554576.9922000002 4333577.225, 554576.2937000003 4333577.0504, 554576.0080000004 4333577.2885, 554575.3411999997 4333577.0186, 554574.7379000001 4333576.4154, 554574.0871000001 4333576.4948, 554573.6584000001 4333576.6218, 554572.8646999998 4333576.939300001, 554572.3883999996 4333577.1774, 554572.1343999999 4333577.907600001, 554572.6424000002 4333578.860099999, 554572.9282 4333579.495100001, 554573.6743000001 4333579.7015, 554573.9918 4333580.257099999, 554575.0713 4333580.6699, 554575.9127000002 4333580.7334, 554577.4208000004 4333580.860400001, 554578.3574999999 4333580.9715))",0.690921853
159,174,Rhonda's hill,11/4/2017,MDN ON,8,341,52,9.3,0.82,wb,interbedded sandstone and shale,5.7,yes,large; in scar,no,,yes,0.4,no,,yes,1.05,broken 3 cm tree root,,no,both,0.5,wide; all depositional,0.3,0,no,,,muddy; angular rocks,unlikely,,9954-9965,deep; definitely 0.3 m within wb zone because visible in soil profile exposed in crown; runout traveled up and through manzanita branches; large number of exposed tree roots,163,-122.368946,39.150885,30.83,22.51,8.92,4.8,1.86,0.65,1.26,78.87,2b,29.98,0.013,59,-2.17,"POLYGON ((554530.6735429419 4333713.035723068, 554532.2309999997 4333710.9805, 554531.7413930157 4333709.923702853, 554531.1617029756 4333709.099932795, 554530.4904829293 4333708.672792766, 554528.8865999999 4333708.144099999, 554527.9128999999 4333707.953600001, 554526.7275999999 4333707.805500001, 554526.0290999999 4333707.869000001, 554525.1207225579 4333708.215142734, 554524.2969525009 4333708.459222752, 554523.8393024693 4333709.008402789, 554523.3206324334 4333709.862682848, 554523.4426724418 4333710.686452906, 554524.7240925304 4333710.839002916, 554525.3728999998 4333711.044, 554525.7751000002 4333711.5308, 554526.6005999995 4333711.615499999, 554527.2933899559 4333712.289200041, 554528.5988627984 4333712.700113045, 554529.4226328554 4333713.218783081, 554530.6735429419 4333713.035723068))",1.279111255
160,175,Rhonda's hill,11/4/2017,MDN ON,8,352,56,7.4,0.65,soil-wb,sandstone,7.4,yes,a couple in scar,no,,yes,0.4,no,,yes,,many broken,,no,both,0.1,wide; all depositional,0,0,no,,,muddy,likely,likely two,9966-9973,many exposed tree roots; stepped failure surface along dip of different sandstone beds,164,-122.368868,39.151026,16.54,16.5,6.35,3.41,1.86,0.42,0.79,27.04,2b,31.51,0,296,-2.39,"POLYGON ((554537.5967161197 4333727.278832035, 554537.3027944588 4333725.718786296, 554536.579294986 4333724.927458748, 554535.8331861546 4333724.656146446, 554534.7061000001 4333724.447699999, 554533.6212999998 4333723.9979, 554532.7583133949 4333723.887428256, 554531.8991577708 4333724.430052861, 554531.4921893174 4333725.583130145, 554531.650454827 4333726.170973468, 554532.4835999999 4333726.696699999, 554533.2244999995 4333726.749600001, 554533.9387999997 4333726.934800001, 554534.4945 4333727.2259, 554534.8383999998 4333727.4375, 554535.2352999998 4333727.8344, 554535.7909000004 4333728.2842, 554536.7665438493 4333728.215837433, 554537.5967161197 4333727.278832035))",0.817412334
161,176,Rhonda's hill,11/4/2017,MDN ON,8,,,3.5,0.4,soil,sandstone,2.7,yes,within scar,no,,yes,0.4,no,,yes,,broken 0.5 cm tree root,,no,left,0.35,slump,0,0,no,,,muddy,unlikely,,9974-9980,"dry soil; 3 cm tree root 9 m away from tree with 3 m crown; sediment displaced very little; clear example of ""mega-diffusion;"" hillslope has sparse grass cover and lots of dead grass",165,-122.370358,39.147883,9.08,11.33,3.76,3.26,1.15,0.18,0.49,7.03,2b,25.6,0.003,38,-2.09,"POLYGON ((554410.3974000001 4333377.0428, 554409.9342999998 4333375.5876, 554408.7768000001 4333374.463099999, 554407.7183999997 4333374.8269, 554406.6931999996 4333375.323000001, 554406.4946999997 4333376.149900001, 554406.3954999996 4333376.8444, 554406.9578 4333377.2082, 554408.0822999999 4333377.6051, 554409.2729000002 4333377.737400001, 554410.3974000001 4333377.0428))",0.387114537
162,177,Rhonda's hill,11/4/2017,MDN ON,8,,,10.6,0.58,soil,sandstone,7.4,yes,two large at toe and in scar,yes,6.3,yes,0.4,no,,no,,mostly intact,,no,both,0.25,slump and deposition,0,0,no,,,muddy,likely,possibly two,9981-9988,heavily cracked soil around scar; irregularly shaped; may have been many small failures,166,-122.371683,39.150547,31.98,23.78,9.78,5,1.96,0.33,0.63,39.16,2b,28.69,-0.033,1150,-3.52,"POLYGON ((554296.1769000003 4333671.5864, 554296.4944000002 4333671.0572, 554295.5418999996 4333670.2106, 554294.2983999997 4333669.1522, 554293.2401000001 4333668.517200001, 554291.8113000002 4333668.702400001, 554290.9645999996 4333669.046399999, 554289.3507000003 4333669.443299999, 554288.5833999999 4333669.734300001, 554287.3927999996 4333670.1577, 554286.5725999996 4333670.8191, 554287.1017000005 4333671.930400001, 554288.7686000001 4333672.2743, 554289.9857000001 4333672.777000001, 554291.0439999998 4333673.2797, 554292.1816999996 4333673.597200001, 554292.8695999999 4333673.597200001, 554293.7163000004 4333673.0681, 554294.2719000001 4333672.8829, 554295.2509000003 4333673.0681, 554295.6742000002 4333672.8035, 554295.6478000004 4333671.956800001, 554296.1769000003 4333671.5864))",0.612257661
163,178,Rhonda's hill,11/4/2017,MDN ON,8,,,9.3,0.43,soil,sandstone,6.2,yes,a couple in scar,no,,yes,0.4,no,,no,,mostly intact,,no,no,,jellyfish,0,0,no,,,muddy,likely,possibly two,9989-9995,many manzanita nearby; 1.0 m sandstone boulders exposed in scar,167,-122.371237,39.153557,10.88,13.85,5.96,2.7,2.21,0.33,0.49,13.85,2b,29.21,0.002,98,-2.36,"POLYGON ((554330.6522000004 4334003.900900001, 554330.1231000004 4334003.7686, 554327.7748999996 4334004.3639, 554326.7827000003 4334004.496200001, 554325.7905000001 4334005.2238, 554325.1289999997 4334006.149800001, 554327.2788000004 4334007.2412, 554328.2379000001 4334006.712099999, 554329.4616 4334006.216, 554330.3546000002 4334005.1907, 554330.6522000004 4334003.900900001))",0.636488971
,,,,,,,,,,,,,,,,,,,,,,,,,,,,,,,,,,,,,,,,,,,,,,,,,,,,,,,,
,,,,,,,,,,,,,,,,,,,,,,,,,,,,,,,,,,,,,,,,,,,,,,,,,,,,,,,,
,,,,,,,,,,,,,,,,,,,,,,,,,,,,,,,,,,,,,,,,,,,,,,,,,,,,,,,,
,,,,,,,,,,,,,,,,,,,,,,,,,,,,,,,,,,,,,,,,,,,,,,,,,,,,,,,,
,,,,,,,,,,,,,,,,,,,,,,,,,,,,,,,,,,,,,,,,,,,,,,,,,,,,,,,,
,,,,,,,,,,,,,,,,,,,,,,,,,,,,,,,,,,,,,,,,,,,,,,,,,,,,,,,,
,,,,,,,,,,,,,,,,,,,,,,,,,,,,,,,,,,,,,,,,,,,,,,,,,,,,,,,,
,,,,,,,,,,,,,,,,,,,,,,,,,,,,,,,,,,,,,,,,,,,,,,,,,,,,,,,,
,,,,,,,,,,,,,,,,,,,,,,,,,,,,,,,,,,,,,,,,,,,,,,,,,,,,,,,,
,,,,,,,,,,,,,,,,,,,,,,,,,,,,,,,,,,,,,,,,,,,,,,,,,,,,,,,,
,,,,,,,,,,,,,,,,,,,,,,,,,,,,,,,,,,,,,,,,,,,,,,,,,,,,,,,,
,,,,,,,,,,,,,,,,,,,,,,,,,,,,,,,,,,,,,,,,,,,,,,,,,,,,,,,,
,,,,,,,,,,,,,,,,,,,,,,,,,,,,,,,,,,,,,,,,,,,,,,,,,,,,,,,,
,,,,,,,,,,,,,,,,,,,,,,,,,,,,,,,,,,,,,,,,,,,,,,,,,,,,,,,,
,,,,,,,,,,,,,,,,,,,,,,,,,,,,,,,,,,,,,,,,,,,,,,,,,,,,,,,,
,,,,,,,,,,,,,,,,,,,,,,,,,,,,,,,,,,,,,,,,,,,,,,,,,,,,,,,,
,,,,,,,,,,,,,,,,,,,,,,,,,,,,,,,,,,,,,,,,,,,,,,,,,,,,,,,,
,,,,,,,,,,,,,,,,,,,,,,,,,,,,,,,,,,,,,,,,,,,,,,,,,,,,,,,,
,,,,,,,,,,,,,,,,,,,,,,,,,,,,,,,,,,,,,,,,,,,,,,,,,,,,,,,,
,,,,,,,,,,,,,,,,,,,,,,,,,,,,,,,,,,,,,,,,,,,,,,,,,,,,,,,,
,,,,,,,,,,,,,,,,,,,,,,,,,,,,,,,,,,,,,,,,,,,,,,,,,,,,,,,,
,,,,,,,,,,,,,,,,,,,,,,,,,,,,,,,,,,,,,,,,,,,,,,,,,,,,,,,,
,,,,,,,,,,,,,,,,,,,,,,,,,,,,,,,,,,,,,,,,,,,,,,,,,,,,,,,,
,,,,,,,,,,,,,,,,,,,,,,,,,,,,,,,,,,,,,,,,,,,,,,,,,,,,,,,,
,,,,,,,,,,,,,,,,,,,,,,,,,,,,,,,,,,,,,,,,,,,,,,,,,,,,,,,,
,,,,,,,,,,,,,,,,,,,,,,,,,,,,,,,,,,,,,,,,,,,,,,,,,,,,,,,,
,,,,,,,,,,,,,,,,,,,,,,,,,,,,,,,,,,,,,,,,,,,,,,,,,,,,,,,,
,,,,,,,,,,,,,,,,,,,,,,,,,,,,,,,,,,,,,,,,,,,,,,,,,,,,,,,,
,,,,,,,,,,,,,,,,,,,,,,,,,,,,,,,,,,,,,,,,,,,,,,,,,,,,,,,,
,,,,,,,,,,,,,,,,,,,,,,,,,,,,,,,,,,,,,,,,,,,,,,,,,,,,,,,,
,,,,,,,,,,,,,,,,,,,,,,,,,,,,,,,,,,,,,,,,,,,,,,,,,,,,,,,,
,,,,,,,,,,,,,,,,,,,,,,,,,,,,,,,,,,,,,,,,,,,,,,,,,,,,,,,,
,,,,,,,,,,,,,,,,,,,,,,,,,,,,,,,,,,,,,,,,,,,,,,,,,,,,,,,,
,,,,,,,,,,,,,,,,,,,,,,,,,,,,,,,,,,,,,,,,,,,,,,,,,,,,,,,,
,,,,,,,,,,,,,,,,,,,,,,,,,,,,,,,,,,,,,,,,,,,,,,,,,,,,,,,,
,,,,,,,,,,,,,,,,,,,,,,,,,,,,,,,,,,,,,,,,,,,,,,,,,,,,,,,,
,,,,,,,,,,,,,,,,,,,,,,,,,,,,,,,,,,,,,,,,,,,,,,,,,,,,,,,,
,,,,,,,,,,,,,,,,,,,,,,,,,,,,,,,,,,,,,,,,,,,,,,,,,,,,,,,,
,,,,,,,,,,,,,,,,,,,,,,,,,,,,,,,,,,,,,,,,,,,,,,,,,,,,,,,,
,,,,,,,,,,,,,,,,,,,,,,,,,,,,,,,,,,,,,,,,,,,,,,,,,,,,,,,,
,,,,,,,,,,,,,,,,,,,,,,,,,,,,,,,,,,,,,,,,,,,,,,,,,,,,,,,,
,,,,,,,,,,,,,,,,,,,,,,,,,,,,,,,,,,,,,,,,,,,,,,,,,,,,,,,,
,,,,,,,,,,,,,,,,,,,,,,,,,,,,,,,,,,,,,,,,,,,,,,,,,,,,,,,,
,,,,,,,,,,,,,,,,,,,,,,,,,,,,,,,,,,,,,,,,,,,,,,,,,,,,,,,,
,,,,,,,,,,,,,,,,,,,,,,,,,,,,,,,,,,,,,,,,,,,,,,,,,,,,,,,,
,,,,,,,,,,,,,,,,,,,,,,,,,,,,,,,,,,,,,,,,,,,,,,,,,,,,,,,,
,,,,,,,,,,,,,,,,,,,,,,,,,,,,,,,,,,,,,,,,,,,,,,,,,,,,,,,,
,,,,,,,,,,,,,,,,,,,,,,,,,,,,,,,,,,,,,,,,,,,,,,,,,,,,,,,,
,,,,,,,,,,,,,,,,,,,,,,,,,,,,,,,,,,,,,,,,,,,,,,,,,,,,,,,,
,,,,,,,,,,,,,,,,,,,,,,,,,,,,,,,,,,,,,,,,,,,,,,,,,,,,,,,,
,,,,,,,,,,,,,,,,,,,,,,,,,,,,,,,,,,,,,,,,,,,,,,,,,,,,,,,,
,,,,,,,,,,,,,,,,,,,,,,,,,,,,,,,,,,,,,,,,,,,,,,,,,,,,,,,,
,,,,,,,,,,,,,,,,,,,,,,,,,,,,,,,,,,,,,,,,,,,,,,,,,,,,,,,,
,,,,,,,,,,,,,,,,,,,,,,,,,,,,,,,,,,,,,,,,,,,,,,,,,,,,,,,,
,,,,,,,,,,,,,,,,,,,,,,,,,,,,,,,,,,,,,,,,,,,,,,,,,,,,,,,,
,,,,,,,,,,,,,,,,,,,,,,,,,,,,,,,,,,,,,,,,,,,,,,,,,,,,,,,,
,,,,,,,,,,,,,,,,,,,,,,,,,,,,,,,,,,,,,,,,,,,,,,,,,,,,,,,,
,,,,,,,,,,,,,,,,,,,,,,,,,,,,,,,,,,,,,,,,,,,,,,,,,,,,,,,,
,,,,,,,,,,,,,,,,,,,,,,,,,,,,,,,,,,,,,,,,,,,,,,,,,,,,,,,,
,,,,,,,,,,,,,,,,,,,,,,,,,,,,,,,,,,,,,,,,,,,,,,,,,,,,,,,,
,,,,,,,,,,,,,,,,,,,,,,,,,,,,,,,,,,,,,,,,,,,,,,,,,,,,,,,,
,,,,,,,,,,,,,,,,,,,,,,,,,,,,,,,,,,,,,,,,,,,,,,,,,,,,,,,,
,,,,,,,,,,,,,,,,,,,,,,,,,,,,,,,,,,,,,,,,,,,,,,,,,,,,,,,,
,,,,,,,,,,,,,,,,,,,,,,,,,,,,,,,,,,,,,,,,,,,,,,,,,,,,,,,,
,,,,,,,,,,,,,,,,,,,,,,,,,,,,,,,,,,,,,,,,,,,,,,,,,,,,,,,,
,,,,,,,,,,,,,,,,,,,,,,,,,,,,,,,,,,,,,,,,,,,,,,,,,,,,,,,,
,,,,,,,,,,,,,,,,,,,,,,,,,,,,,,,,,,,,,,,,,,,,,,,,,,,,,,,,
,,,,,,,,,,,,,,,,,,,,,,,,,,,,,,,,,,,,,,,,,,,,,,,,,,,,,,,,
,,,,,,,,,,,,,,,,,,,,,,,,,,,,,,,,,,,,,,,,,,,,,,,,,,,,,,,,
,,,,,,,,,,,,,,,,,,,,,,,,,,,,,,,,,,,,,,,,,,,,,,,,,,,,,,,,
,,,,,,,,,,,,,,,,,,,,,,,,,,,,,,,,,,,,,,,,,,,,,,,,,,,,,,,,
,,,,,,,,,,,,,,,,,,,,,,,,,,,,,,,,,,,,,,,,,,,,,,,,,,,,,,,,
,,,,,,,,,,,,,,,,,,,,,,,,,,,,,,,,,,,,,,,,,,,,,,,,,,,,,,,,
,,,,,,,,,,,,,,,,,,,,,,,,,,,,,,,,,,,,,,,,,,,,,,,,,,,,,,,,
,,,,,,,,,,,,,,,,,,,,,,,,,,,,,,,,,,,,,,,,,,,,,,,,,,,,,,,,
,,,,,,,,,,,,,,,,,,,,,,,,,,,,,,,,,,,,,,,,,,,,,,,,,,,,,,,,
,,,,,,,,,,,,,,,,,,,,,,,,,,,,,,,,,,,,,,,,,,,,,,,,,,,,,,,,
,,,,,,,,,,,,,,,,,,,,,,,,,,,,,,,,,,,,,,,,,,,,,,,,,,,,,,,,
,,,,,,,,,,,,,,,,,,,,,,,,,,,,,,,,,,,,,,,,,,,,,,,,,,,,,,,,
,,,,,,,,,,,,,,,,,,,,,,,,,,,,,,,,,,,,,,,,,,,,,,,,,,,,,,,,
,,,,,,,,,,,,,,,,,,,,,,,,,,,,,,,,,,,,,,,,,,,,,,,,,,,,,,,,
,,,,,,,,,,,,,,,,,,,,,,,,,,,,,,,,,,,,,,,,,,,,,,,,,,,,,,,,
,,,,,,,,,,,,,,,,,,,,,,,,,,,,,,,,,,,,,,,,,,,,,,,,,,,,,,,,
,,,,,,,,,,,,,,,,,,,,,,,,,,,,,,,,,,,,,,,,,,,,,,,,,,,,,,,,
,,,,,,,,,,,,,,,,,,,,,,,,,,,,,,,,,,,,,,,,,,,,,,,,,,,,,,,,
,,,,,,,,,,,,,,,,,,,,,,,,,,,,,,,,,,,,,,,,,,,,,,,,,,,,,,,,
,,,,,,,,,,,,,,,,,,,,,,,,,,,,,,,,,,,,,,,,,,,,,,,,,,,,,,,,
,,,,,,,,,,,,,,,,,,,,,,,,,,,,,,,,,,,,,,,,,,,,,,,,,,,,,,,,
,,,,,,,,,,,,,,,,,,,,,,,,,,,,,,,,,,,,,,,,,,,,,,,,,,,,,,,,
,,,,,,,,,,,,,,,,,,,,,,,,,,,,,,,,,,,,,,,,,,,,,,,,,,,,,,,,
,,,,,,,,,,,,,,,,,,,,,,,,,,,,,,,,,,,,,,,,,,,,,,,,,,,,,,,,
,,,,,,,,,,,,,,,,,,,,,,,,,,,,,,,,,,,,,,,,,,,,,,,,,,,,,,,,
,,,,,,,,,,,,,,,,,,,,,,,,,,,,,,,,,,,,,,,,,,,,,,,,,,,,,,,,
,,,,,,,,,,,,,,,,,,,,,,,,,,,,,,,,,,,,,,,,,,,,,,,,,,,,,,,,
,,,,,,,,,,,,,,,,,,,,,,,,,,,,,,,,,,,,,,,,,,,,,,,,,,,,,,,,
,,,,,,,,,,,,,,,,,,,,,,,,,,,,,,,,,,,,,,,,,,,,,,,,,,,,,,,,
,,,,,,,,,,,,,,,,,,,,,,,,,,,,,,,,,,,,,,,,,,,,,,,,,,,,,,,,
,,,,,,,,,,,,,,,,,,,,,,,,,,,,,,,,,,,,,,,,,,,,,,,,,,,,,,,,
,,,,,,,,,,,,,,,,,,,,,,,,,,,,,,,,,,,,,,,,,,,,,,,,,,,,,,,,
,,,,,,,,,,,,,,,,,,,,,,,,,,,,,,,,,,,,,,,,,,,,,,,,,,,,,,,,
,,,,,,,,,,,,,,,,,,,,,,,,,,,,,,,,,,,,,,,,,,,,,,,,,,,,,,,,
,,,,,,,,,,,,,,,,,,,,,,,,,,,,,,,,,,,,,,,,,,,,,,,,,,,,,,,,
,,,,,,,,,,,,,,,,,,,,,,,,,,,,,,,,,,,,,,,,,,,,,,,,,,,,,,,,
,,,,,,,,,,,,,,,,,,,,,,,,,,,,,,,,,,,,,,,,,,,,,,,,,,,,,,,,
,,,,,,,,,,,,,,,,,,,,,,,,,,,,,,,,,,,,,,,,,,,,,,,,,,,,,,,,
,,,,,,,,,,,,,,,,,,,,,,,,,,,,,,,,,,,,,,,,,,,,,,,,,,,,,,,,
,,,,,,,,,,,,,,,,,,,,,,,,,,,,,,,,,,,,,,,,,,,,,,,,,,,,,,,,
,,,,,,,,,,,,,,,,,,,,,,,,,,,,,,,,,,,,,,,,,,,,,,,,,,,,,,,,
,,,,,,,,,,,,,,,,,,,,,,,,,,,,,,,,,,,,,,,,,,,,,,,,,,,,,,,,
,,,,,,,,,,,,,,,,,,,,,,,,,,,,,,,,,,,,,,,,,,,,,,,,,,,,,,,,
,,,,,,,,,,,,,,,,,,,,,,,,,,,,,,,,,,,,,,,,,,,,,,,,,,,,,,,,
,,,,,,,,,,,,,,,,,,,,,,,,,,,,,,,,,,,,,,,,,,,,,,,,,,,,,,,,
,,,,,,,,,,,,,,,,,,,,,,,,,,,,,,,,,,,,,,,,,,,,,,,,,,,,,,,,
,,,,,,,,,,,,,,,,,,,,,,,,,,,,,,,,,,,,,,,,,,,,,,,,,,,,,,,,
,,,,,,,,,,,,,,,,,,,,,,,,,,,,,,,,,,,,,,,,,,,,,,,,,,,,,,,,
,,,,,,,,,,,,,,,,,,,,,,,,,,,,,,,,,,,,,,,,,,,,,,,,,,,,,,,,
,,,,,,,,,,,,,,,,,,,,,,,,,,,,,,,,,,,,,,,,,,,,,,,,,,,,,,,,
,,,,,,,,,,,,,,,,,,,,,,,,,,,,,,,,,,,,,,,,,,,,,,,,,,,,,,,,
,,,,,,,,,,,,,,,,,,,,,,,,,,,,,,,,,,,,,,,,,,,,,,,,,,,,,,,,
,,,,,,,,,,,,,,,,,,,,,,,,,,,,,,,,,,,,,,,,,,,,,,,,,,,,,,,,
,,,,,,,,,,,,,,,,,,,,,,,,,,,,,,,,,,,,,,,,,,,,,,,,,,,,,,,,
,,,,,,,,,,,,,,,,,,,,,,,,,,,,,,,,,,,,,,,,,,,,,,,,,,,,,,,,
,,,,,,,,,,,,,,,,,,,,,,,,,,,,,,,,,,,,,,,,,,,,,,,,,,,,,,,,
,,,,,,,,,,,,,,,,,,,,,,,,,,,,,,,,,,,,,,,,,,,,,,,,,,,,,,,,
,,,,,,,,,,,,,,,,,,,,,,,,,,,,,,,,,,,,,,,,,,,,,,,,,,,,,,,,
,,,,,,,,,,,,,,,,,,,,,,,,,,,,,,,,,,,,,,,,,,,,,,,,,,,,,,,,
,,,,,,,,,,,,,,,,,,,,,,,,,,,,,,,,,,,,,,,,,,,,,,,,,,,,,,,,
,,,,,,,,,,,,,,,,,,,,,,,,,,,,,,,,,,,,,,,,,,,,,,,,,,,,,,,,
,,,,,,,,,,,,,,,,,,,,,,,,,,,,,,,,,,,,,,,,,,,,,,,,,,,,,,,,
,,,,,,,,,,,,,,,,,,,,,,,,,,,,,,,,,,,,,,,,,,,,,,,,,,,,,,,,
,,,,,,,,,,,,,,,,,,,,,,,,,,,,,,,,,,,,,,,,,,,,,,,,,,,,,,,,
,,,,,,,,,,,,,,,,,,,,,,,,,,,,,,,,,,,,,,,,,,,,,,,,,,,,,,,,
,,,,,,,,,,,,,,,,,,,,,,,,,,,,,,,,,,,,,,,,,,,,,,,,,,,,,,,,
,,,,,,,,,,,,,,,,,,,,,,,,,,,,,,,,,,,,,,,,,,,,,,,,,,,,,,,,
,,,,,,,,,,,,,,,,,,,,,,,,,,,,,,,,,,,,,,,,,,,,,,,,,,,,,,,,
,,,,,,,,,,,,,,,,,,,,,,,,,,,,,,,,,,,,,,,,,,,,,,,,,,,,,,,,
,,,,,,,,,,,,,,,,,,,,,,,,,,,,,,,,,,,,,,,,,,,,,,,,,,,,,,,,
,,,,,,,,,,,,,,,,,,,,,,,,,,,,,,,,,,,,,,,,,,,,,,,,,,,,,,,,
,,,,,,,,,,,,,,,,,,,,,,,,,,,,,,,,,,,,,,,,,,,,,,,,,,,,,,,,
,,,,,,,,,,,,,,,,,,,,,,,,,,,,,,,,,,,,,,,,,,,,,,,,,,,,,,,,
,,,,,,,,,,,,,,,,,,,,,,,,,,,,,,,,,,,,,,,,,,,,,,,,,,,,,,,,
,,,,,,,,,,,,,,,,,,,,,,,,,,,,,,,,,,,,,,,,,,,,,,,,,,,,,,,,
,,,,,,,,,,,,,,,,,,,,,,,,,,,,,,,,,,,,,,,,,,,,,,,,,,,,,,,,
,,,,,,,,,,,,,,,,,,,,,,,,,,,,,,,,,,,,,,,,,,,,,,,,,,,,,,,,
,,,,,,,,,,,,,,,,,,,,,,,,,,,,,,,,,,,,,,,,,,,,,,,,,,,,,,,,
,,,,,,,,,,,,,,,,,,,,,,,,,,,,,,,,,,,,,,,,,,,,,,,,,,,,,,,,
,,,,,,,,,,,,,,,,,,,,,,,,,,,,,,,,,,,,,,,,,,,,,,,,,,,,,,,,
,,,,,,,,,,,,,,,,,,,,,,,,,,,,,,,,,,,,,,,,,,,,,,,,,,,,,,,,
,,,,,,,,,,,,,,,,,,,,,,,,,,,,,,,,,,,,,,,,,,,,,,,,,,,,,,,,
,,,,,,,,,,,,,,,,,,,,,,,,,,,,,,,,,,,,,,,,,,,,,,,,,,,,,,,,
,,,,,,,,,,,,,,,,,,,,,,,,,,,,,,,,,,,,,,,,,,,,,,,,,,,,,,,,
,,,,,,,,,,,,,,,,,,,,,,,,,,,,,,,,,,,,,,,,,,,,,,,,,,,,,,,,
,,,,,,,,,,,,,,,,,,,,,,,,,,,,,,,,,,,,,,,,,,,,,,,,,,,,,,,,
,,,,,,,,,,,,,,,,,,,,,,,,,,,,,,,,,,,,,,,,,,,,,,,,,,,,,,,,
,,,,,,,,,,,,,,,,,,,,,,,,,,,,,,,,,,,,,,,,,,,,,,,,,,,,,,,,
,,,,,,,,,,,,,,,,,,,,,,,,,,,,,,,,,,,,,,,,,,,,,,,,,,,,,,,,
,,,,,,,,,,,,,,,,,,,,,,,,,,,,,,,,,,,,,,,,,,,,,,,,,,,,,,,,
,,,,,,,,,,,,,,,,,,,,,,,,,,,,,,,,,,,,,,,,,,,,,,,,,,,,,,,,
,,,,,,,,,,,,,,,,,,,,,,,,,,,,,,,,,,,,,,,,,,,,,,,,,,,,,,,,
,,,,,,,,,,,,,,,,,,,,,,,,,,,,,,,,,,,,,,,,,,,,,,,,,,,,,,,,
,,,,,,,,,,,,,,,,,,,,,,,,,,,,,,,,,,,,,,,,,,,,,,,,,,,,,,,,
,,,,,,,,,,,,,,,,,,,,,,,,,,,,,,,,,,,,,,,,,,,,,,,,,,,,,,,,
,,,,,,,,,,,,,,,,,,,,,,,,,,,,,,,,,,,,,,,,,,,,,,,,,,,,,,,,
,,,,,,,,,,,,,,,,,,,,,,,,,,,,,,,,,,,,,,,,,,,,,,,,,,,,,,,,
